-- phpMyAdmin SQL Dump
-- version 5.2.1
-- https://www.phpmyadmin.net/
--
-- Host: 127.0.0.1
-- Generation Time: May 06, 2026 at 07:51 AM
-- Server version: 10.4.32-MariaDB
-- PHP Version: 8.2.12

SET SQL_MODE = "NO_AUTO_VALUE_ON_ZERO";
START TRANSACTION;
SET time_zone = "+00:00";


/*!40101 SET @OLD_CHARACTER_SET_CLIENT=@@CHARACTER_SET_CLIENT */;
/*!40101 SET @OLD_CHARACTER_SET_RESULTS=@@CHARACTER_SET_RESULTS */;
/*!40101 SET @OLD_COLLATION_CONNECTION=@@COLLATION_CONNECTION */;
/*!40101 SET NAMES utf8mb4 */;

--
-- Database: `mini_kasir`
--

-- --------------------------------------------------------

--
-- Table structure for table `barang`
--

CREATE TABLE `barang` (
  `id_barang` int(11) NOT NULL,
  `nama_barang` varchar(100) DEFAULT NULL,
  `harga` int(11) DEFAULT NULL,
  `stok` int(11) DEFAULT NULL
) ENGINE=InnoDB DEFAULT CHARSET=utf8mb4 COLLATE=utf8mb4_general_ci;

--
-- Dumping data for table `barang`
--

INSERT INTO `barang` (`id_barang`, `nama_barang`, `harga`, `stok`) VALUES
(1, 'JATI', 1000000, 4),
(4, 'randu', 8000000, 78),
(5, 'MAHONI', 100000, 90);

-- --------------------------------------------------------

--
-- Table structure for table `detail_transaksi`
--

CREATE TABLE `detail_transaksi` (
  `id_detail` int(11) NOT NULL,
  `transaksi_id` int(11) DEFAULT NULL,
  `barang_id` int(11) DEFAULT NULL,
  `jumlah` int(11) DEFAULT NULL,
  `harga` int(11) DEFAULT NULL,
  `subtotal` int(11) DEFAULT NULL
) ENGINE=InnoDB DEFAULT CHARSET=utf8mb4 COLLATE=utf8mb4_general_ci;

--
-- Dumping data for table `detail_transaksi`
--

INSERT INTO `detail_transaksi` (`id_detail`, `transaksi_id`, `barang_id`, `jumlah`, `harga`, `subtotal`) VALUES
(1, 1, 1, 2, 1000000, 2000000),
(2, 2, 1, 2, 1000000, 2000000),
(3, 3, 1, 1, 1000000, 1000000),
(4, 4, 5, 10, 100000, 1000000);

-- --------------------------------------------------------

--
-- Table structure for table `transaksi`
--

CREATE TABLE `transaksi` (
  `id_transaksi` int(11) NOT NULL,
  `tanggal` timestamp NOT NULL DEFAULT current_timestamp(),
  `total` int(11) DEFAULT NULL,
  `bayar` int(11) DEFAULT NULL,
  `kembalian` int(11) DEFAULT NULL,
  `user_id` int(11) DEFAULT NULL
) ENGINE=InnoDB DEFAULT CHARSET=utf8mb4 COLLATE=utf8mb4_general_ci;

--
-- Dumping data for table `transaksi`
--

INSERT INTO `transaksi` (`id_transaksi`, `tanggal`, `total`, `bayar`, `kembalian`, `user_id`) VALUES
(1, '2026-05-06 03:18:01', 1760000, 2000000, 240000, 2),
(2, '2026-05-06 03:18:58', 1760000, 2000000, 240000, 2),
(3, '2026-05-06 03:27:30', 900000, 2000000, 1100000, 2),
(4, '2026-05-06 03:30:01', 1000000, 1000000, 0, 2);

-- --------------------------------------------------------

--
-- Table structure for table `users`
--

CREATE TABLE `users` (
  `id_user` int(11) NOT NULL,
  `username` varchar(50) DEFAULT NULL,
  `password` varchar(100) DEFAULT NULL,
  `role` enum('admin','kasir') DEFAULT NULL
) ENGINE=InnoDB DEFAULT CHARSET=utf8mb4 COLLATE=utf8mb4_general_ci;

--
-- Dumping data for table `users`
--

INSERT INTO `users` (`id_user`, `username`, `password`, `role`) VALUES
(1, 'admin', 'admin123', 'admin'),
(2, 'kasir1', 'kasir123', 'kasir'),
(3, 'ADMIN', 'ADMIN123', 'admin');

--
-- Indexes for dumped tables
--

--
-- Indexes for table `barang`
--
ALTER TABLE `barang`
  ADD PRIMARY KEY (`id_barang`);

--
-- Indexes for table `detail_transaksi`
--
ALTER TABLE `detail_transaksi`
  ADD PRIMARY KEY (`id_detail`);

--
-- Indexes for table `transaksi`
--
ALTER TABLE `transaksi`
  ADD PRIMARY KEY (`id_transaksi`);

--
-- Indexes for table `users`
--
ALTER TABLE `users`
  ADD PRIMARY KEY (`id_user`);

--
-- AUTO_INCREMENT for dumped tables
--

--
-- AUTO_INCREMENT for table `barang`
--
ALTER TABLE `barang`
  MODIFY `id_barang` int(11) NOT NULL AUTO_INCREMENT, AUTO_INCREMENT=6;

--
-- AUTO_INCREMENT for table `detail_transaksi`
--
ALTER TABLE `detail_transaksi`
  MODIFY `id_detail` int(11) NOT NULL AUTO_INCREMENT, AUTO_INCREMENT=5;

--
-- AUTO_INCREMENT for table `transaksi`
--
ALTER TABLE `transaksi`
  MODIFY `id_transaksi` int(11) NOT NULL AUTO_INCREMENT, AUTO_INCREMENT=5;

--
-- AUTO_INCREMENT for table `users`
--
ALTER TABLE `users`
  MODIFY `id_user` int(11) NOT NULL AUTO_INCREMENT, AUTO_INCREMENT=4;
COMMIT;

/*!40101 SET CHARACTER_SET_CLIENT=@OLD_CHARACTER_SET_CLIENT */;
/*!40101 SET CHARACTER_SET_RESULTS=@OLD_CHARACTER_SET_RESULTS */;
/*!40101 SET COLLATION_CONNECTION=@OLD_COLLATION_CONNECTION */;
